osm_id,osm_latitude,osm_longitude,osm_name,osm_operator,osm_capacity,osm_fee,osm_sockets
4332305132,-37.5753648,143.8664155,,,,,
4559150341,-37.5346311,143.8226401,Tesla Supercharger,Tesla,6,yes,tesla_supercharger
6294718962,-37.4438844,143.8905143,,RACV,2,no,type1
6816255780,-36.7745651,144.3064633,Tesla Supercharger,Tesla,6,yes,type2_combo
6926483227,-34.5091627,144.8426785,,NRMA,,,chademo; type2_combo
7104312656,-37.3426377,144.1423321,,Chargefox,2,no,type1
7110814863,-37.2833721,142.9339235,,"Tesla, Inc.",,,
7370307097,-37.5613256,143.8623024,,Chargefox,,,chademo; type2_combo
7742159359,-34.6396148,143.5644882,,NRMA,,,chademo; type2_combo
8028020165,-36.7111262,142.201977,,Chargefox,8,yes,chademo; chademo:output; type2_combo; type2_combo:output
8280062891,-37.0508473,143.741488,,Central Victorian Greenhouse Alliance,2,,chademo; chademo:output; type2_combo; type2_combo:output
8512844540,-36.575759,143.8676039,,Central Victorian Greenhouse Alliance,2,,chademo; type2_combo
8573119373,-35.7344119,143.9213354,,Central Victorian Greenhouse Alliance,1,,chademo; type2_combo
8645337003,-36.9986334,144.2609028,,Central Victorian Greenhouse Alliance,,,chademo; type2_combo
8690279176,-36.1271422,144.7479998,,Central Victorian Greenhouse Alliance,,,
8714688412,-35.807933,144.2207964,,Central Victorian Greenhouse Alliance,,,
8848048175,-36.7405105,143.9001993,,Central Victorian Greenhouse Alliance,,,
9058271716,-36.0790387,143.2267286,,Central Victorian Greenhouse Alliance,2,,chademo; type2_combo
9058276006,-37.2470045,144.4524935,,Central Victorian Greenhouse Alliance,2,yes,chademo; type2_combo
9058291617,-37.0667926,144.217816,,Central Victorian Greenhouse Alliance,2,,chademo; type2_combo
9072184481,-35.0710089,142.3156162,,Central Victorian Greenhouse Alliance,,,chademo; type2_combo
9072216068,-35.5040579,142.8516829,,Central Victorian Greenhouse Alliance,2,,chademo; type2_combo
9092859485,-34.5848436,142.7746538,,Central Victorian Greenhouse Alliance,,,chademo; type2_combo
9092865942,-35.3409423,143.5617026,,Central Victorian Greenhouse Alliance,2,,chademo; chademo:output; type2_combo; type2_combo:output
9139174626,-36.1423702,141.9878017,,Linga Network,,,
9139223343,-36.4546128,142.0260508,,Linga Network,,,type2
9150530738,-37.3558374,144.528833,,Central Victorian Greenhouse Alliance,2,,chademo; chademo:output; type2_combo; type2_combo:output
9150566549,-36.4179502,143.6138978,,Central Victorian Greenhouse Alliance,2,,chademo; type2_combo
9278772628,-37.1955356,142.6092866,,EVUp,2,,
9314985309,-36.7158552,142.1964354,Tesla Supercharger,Tesla,8,yes,tesla_supercharger; tesla_supercharger_ccs; tesla_supercharger_ccs:output
9712993934,-36.3328407,141.6495675,Linga Networks,,,,type2
10042338532,-37.5647424,143.934527,,Evie Networks,4,yes,chademo; type2_combo
10182377477,-37.0366955,141.2965659,,Central Victorian Greenhouse Alliance,,,chademo; type2_combo
10184551929,-36.3777087,141.2383789,,Evie Networks,,,chademo; type2_combo
10184645214,-36.1135121,144.757421,,,,,
10770496461,-37.2025703,145.0489327,,,,,chademo; type2
10770515438,-37.2943539,144.9523451,,,,,chademo; type2
10778861141,-37.565088,144.8938508,ChargePoint,ChargePoint,1,yes,
10779001859,-37.5302783,144.8805475,,EVlink,2,,
10807822822,-37.5811281,144.7243495,Get Electric Charging Station,Get Electric,,yes,
10909787138,-37.5344696,144.898294,,bp pulse,,,type2_combo
10923455696,-37.1827429,143.3995223,,Exploren,,yes,type2_combo
10925645681,-36.784243,145.154243,,Evie Networks,2,,chademo; chademo:output; type2_combo; type2_combo:output
10956385611,-37.5105817,145.1183979,,Evie Networks,1,yes,chademo; type2_combo
10977915310,-37.428802,143.3830103,,Evie Networks,4,,chademo; chademo:output; type2_combo; type2_combo:output
11021093600,-36.2506357,142.394036,,Evie Networks,2,,chademo; chademo:output; type2_combo; type2_combo:output
11021194892,-37.4232451,144.5624714,,Evie Networks,,,chademo; type2_combo
11043868290,-37.2775677,144.7350086,,Evie Networks,,,chademo; type2_combo
11073160376,-37.5351644,143.8237383,,Chargefox,7,no,
11085593508,-37.5429448,143.784678,Tesla Supercharger,Tesla,18,yes,type2_combo
11117784408,-37.2820305,142.929698,,Evie Networks,,,chademo; type2_combo
11175994294,-37.3090229,144.1403106,,Chargefox,2,,chademo; chademo:output; type2_combo; type2_combo:output
11176002637,-37.4224534,143.8945183,,Chargefox,2,,chademo; chademo:output; type2_combo; type2_combo:output
11228046134,-37.2490363,144.4522173,,Evie Networks,2,,chademo; chademo:output; type2_combo; type2_combo:output
11228098627,-37.0899146,143.4745278,,Evie Networks,,,type2_combo
11278409135,-36.7569325,144.2766532,,Central Victorian Greenhouse Alliance,4,yes,chademo; chademo:output; type2_combo; type2_combo:output
11363471775,-36.923434,144.7099486,,Evie Networks,2,,chademo; chademo:output; type2_combo; type2_combo:output
11365424997,-35.2610559,140.9087627,,Chargefox,,,
11367720683,-37.0568641,142.7810413,,Evie Networks,2,,chademo; chademo:output; type2_combo; type2_combo:output
11395749542,-37.0546149,142.7814416,Tesla Supercharger,Tesla,12,yes,type2_combo
11415799827,-35.2632634,141.1829709,,Evie Networks,,,chademo; type2_combo
11430520548,-37.4138766,144.9791857,,Evie Networks,2,,chademo; chademo:output; type2_combo; type2_combo:output
11434440056,-37.2863602,144.9474012,Tesla Supercharger,Tesla,6,yes,type2_combo
11548535146,-36.7533323,144.294362,,Chargefox,2,yes,type2_cable; type2_combo
11577888417,-35.2635176,141.1831081,,Evie Networks,,,chademo; type2_combo
11885672552,-36.0751569,143.2253748,,NRMA Electric,4,,
11957053879,-37.2850838,142.9263732,,NRMA,4,,chademo; type2_combo
11957170644,-36.6152189,143.2584564,,Evie Networks,,,chademo; type2_combo
11957604247,-35.7270422,142.3641076,,Evie Networks,,,chademo; type2_combo
11963662376,-37.599214,143.8402152,,Chargefox,2,,type2
11963684075,-36.3713731,142.9816961,,Evie Networks,,,chademo; type2_combo
12011130955,-37.3453772,144.7439047,,Evie Networks,,,chademo; type2_combo
12040972514,-37.5283523,143.857618,,Chargefox,6,,type2
12040983170,-35.7321837,143.9200675,Tesla Supercharger,Tesla,3,,type2_combo
12041064795,-37.1293905,142.5238179,,NRMA Parks and Resorts,2,,type2
12076417655,-35.0711856,142.3201772,,NRMA,,,chademo; type2_combo
12087095506,-34.5114833,144.8424321,Tesla Supercharger,Tesla,6,,type2_combo
12099984536,-37.3885479,144.3253891,Chargefox Trentham Visitor Information Centre,Chargefox,50,yes,chademo; type2_combo
12099989743,-37.5808568,144.7271811,,Chargefox,,,type2
12284557087,-37.0280503,145.1428994,,Chargefox,,,chademo; type2_combo
12292802183,-37.5818043,144.7290403,,Evie Networks,,,chademo; type2_combo
12624294788,-37.5675407,143.8567311,,Chargefox,,,type2; type2_combo
12751635764,-37.3491687,144.1412771,,Exploren,2,,type2; type2:output
12809394435,-37.3592512,145.0263113,,NRMA,4,,chademo; chademo:output; type2_combo; type2_combo:output
12872507191,-36.7345527,144.1334235,,NRMA,4,,chademo; type2_combo
12885984005,-36.76352,144.279593,,Evie Networks,,,chademo; type2_combo
12894174459,-36.332681,141.6514737,Tesla Supercharger,Tesla,4,,type2_combo
12975706528,-37.0678713,144.2219235,,Exploren,3,,type2
13377204329,-36.3772627,141.2369203,Tesla Supercharger,Tesla,10,yes,type2_combo
13829651260,-37.5440331,144.8911706,,Exploren,2,,type2_combo
13951277981,-37.4126631,144.9807731,Tesla Supercharger,Tesla,6,,type2_combo
14096025501,-36.3989708,144.9790122,,,,,
4027662399,-36.7527958,145.5734088,Tesla Supercharger,Tesla,6,yes,tesla_supercharger; tesla_supercharger:output
4027663540,-36.1237775,146.8900517,Tesla Supercharger,Tesla,6,yes,tesla_supercharger
4027667916,-35.0021004,148.1098598,Tesla Supercharger,Tesla,6,yes,tesla_supercharger; tesla_supercharger:output; tesla_supercharger_ccs; tesla_supercharger_ccs:output
5985113586,-35.2942945,149.1902341,Tesla Supercharger,Tesla,6,yes,tesla_supercharger; tesla_supercharger:output; tesla_supercharger_ccs; tesla_supercharger_ccs:output
6012351152,-36.743036,145.5909893,RACV,Chargefox,4,,chademo; type2_combo
6217636780,-36.0739678,146.7267687,,Chargefox,8,,chademo; type2_combo
6456676767,-36.5870197,146.7592991,Tesla Supercharger,Tesla,4,yes,tesla_supercharger; tesla_supercharger:output
6460781765,-36.4160634,148.6197807,,NRMA,2,yes,type2_combo; type2_combo:output
6749392356,-35.7175328,147.317755,,NRMA,4,,type2_combo; type2_combo:output
6749417820,-34.8234623,148.3253727,NRMA EV Charging Station,NRMA,2,no,type2_combo; type2_combo:output
6758195608,-36.0283814,146.8959075,,,,,
6979040237,-36.2355277,149.1267896,Tesla Supercharger,Tesla,4,yes,tesla_supercharger
6979057721,-36.2188825,149.1336412,,NRMA,4,,type2; type2_combo
7244697466,-36.0837898,146.9148011,,NRMA,,,chademo; type2_combo
7478006036,-35.2771687,147.7361254,,Evie Networks,2,,chademo; type2_combo
7612243561,-36.907512,145.2399179,,Evie Networks,4,,type2_combo; type2_combo:output
7816558586,-34.8412265,148.9124032,,NRMA,2,no,chademo; chademo:output; type2:output; type2_cable
7853763889,-35.2998964,149.190361,,,1,no,type2; type2:output
7853799488,-35.2801903,149.1354521,,,4,no,type2; type2:output
7858748739,-35.3224367,149.165535,,Chargefox,1,no,chademo; chademo:output; type2_combo; type2_combo:output
7932870081,-35.1083685,147.3735986,,NRMA,2,,chademo; type2_combo
8317195266,-35.3556886,145.7241471,,NRMA,6,,type2_combo
8597596498,-37.2100102,145.4261508,Tesla Supercharger,Tesla,4,yes,type2_combo; type2_combo:output
8660496889,-35.2745267,149.1333578,Tesla Destination Charger,Tesla,,,
8660513071,-36.4459863,148.4516049,,"Tesla, Inc.",,,
8660516388,-36.4146819,148.6165569,Tesla Destination Charger,Tesla,,,
8660527323,-35.3457734,149.0857708,,,,,type1
8849746220,-35.1841062,149.1354639,,,2,,
9069283087,-36.4460208,148.4516402,,"Tesla, Inc.",,,
9069321520,-36.5049165,148.3045413,Tesla Destination Charger,Tesla,,,
9121831091,-36.4459986,148.4515931,,"Tesla, Inc.",,,
9150544914,-36.3803048,145.4003239,,Central Victorian Greenhouse Alliance,2,,chademo; chademo:output; type2_combo; type2_combo:output
9366472089,-34.9692613,149.0300976,,Evie Networks,2,,chademo; type2_combo
9987263214,-34.84184,148.9128433,Tesla Destination Charger,Yass Soldiers Club,2,,
10118356075,-37.5650496,149.1519705,,Central Victorian Greenhouse Alliance,,,chademo; type2_combo
10159370719,-34.7464753,146.5498937,,NRMA,4,,chademo; type2_combo
10172694522,-37.5650916,149.1520346,Tesla Supercharger,Tesla,3,yes,type2_combo
10205558112,-37.1010408,147.5912017,,Central Victorian Greenhouse Alliance,2,yes,chademo; chademo:output; type2_combo; type2_combo:output
10309600584,-36.3843671,145.4009851,Tesla Supercharger,Tesla,6,yes,type2_combo; type2_combo:output
10738276283,-35.319776,149.1389146,Evie at BP Kingston,Evie Networks,2,,chademo; type2_combo
10744208052,-36.4400211,146.2497942,,bp pulse,4,,type2_combo; type2_combo:output
10744341618,-36.354976,146.3224917,,Evie Networks,2,,chademo; chademo:output; type2:output; type2_combo
10747930958,-35.1582148,147.4595905,Tesla Destination Charger,Tesla,1,,
10772401236,-34.4463073,147.5344411,,NRMA,2,,type2_combo; type2_combo:output
10778712392,-36.4384716,146.2481059,,bp pulse,4,no,chademo; chademo:output; type2_combo; type2_combo:output
10815538922,-35.4161685,149.0642995,Tesla Supercharger,Tesla,6,yes,tesla_supercharger; tesla_supercharger:output; tesla_supercharger_ccs; tesla_supercharger_ccs:output
10892673392,-36.0098583,146.0031298,,Evie Networks,2,,chademo; type2_combo
10925614395,-36.7291804,146.9621128,,Evie Networks,2,yes,chademo; chademo:output; type2_combo; type2_combo:output
11049292149,-37.1919518,145.7111581,,Evie Networks,2,yes,chademo; chademo:output; type2_combo; type2_combo:output
11155180657,-35.1309893,147.3397911,Tesla Supercharger,Tesla,6,yes,type2_combo
11228085088,-36.3580999,146.6870107,,Evie Networks,2,yes,chademo; chademo:output; type2_combo; type2_combo:output
11263803078,-34.8063865,145.8804055,,,,,
11276547806,-36.5506645,145.9839857,,Evie Networks,2,,chademo; chademo:output; type2_combo; type2_combo:output
11280883851,-36.3530438,146.3265843,Tesla Supercharger,Tesla,4,yes,type2_combo
11289934645,-34.8436719,148.914061,Tesla Supercharger,Tesla,12,,type2_combo
11290026319,-35.7226725,147.317546,Tesla Supercharger,Tesla,16,yes,tesla_supercharger
11365333103,-36.1216586,146.8865974,,Evie Networks,,,chademo; type2_combo
11367761844,-36.1956744,147.9063048,Corryong Fast Charger,Evie Networks,50kw,yes,chademo; type2_combo
11386697708,-36.0792896,146.9135464,Tesla Supercharger,Tesla,16,yes,type2_combo
11506870062,-36.394603,145.3598536,,Central Victorian Greenhouse Alliance,,,chademo; type2_combo
11506874164,-36.4403466,145.2262264,,Chargefox,,,chademo; type2_combo
11507767364,-36.8616367,147.2771317,,Chargefox,4,yes,type2; type2:output
11572184459,-36.3550727,146.6859357,,Tesla,6,yes,type2_cable; type2_cable:output
11927351347,-35.2818558,149.1222442,,Evie Networks,8,,
12078136343,-36.7275865,146.9581559,Tesla Supercharger,Tesla,4,yes,type2_combo
12081896276,-35.2534898,149.0707193,,Evie Networks,4,,chademo; type2_combo
12204828994,-37.5301348,145.3407412,,,,,type2
12204831925,-37.5314941,145.3395526,,,,,type2
12254373831,-34.5508548,146.4051522,,,,,type2
12339085550,-35.2656329,147.1106112,,,1,yes,
12398804433,-36.4146517,148.6176653,,bp pulse,,yes,chademo; type2_combo
12441111761,-34.845478,148.9155118,,Chargefox,,,type2_combo
12442429578,-34.6396971,148.0262872,Exploren,Exploren,,yes,type2
12477914114,-37.5007061,148.1715681,Station 7675,Chargefox,,,
12485888258,-34.562786,148.3608529,,Exploren,4,,type2
12555903853,-35.2514976,149.1379696,,,,,
12564192749,-37.498803,148.1720657,,Chargefox,,,chademo; type2_combo
12583369258,-35.9314467,145.6619617,,Chargefox,,,type2; type2_combo
12583454110,-35.942222,148.6273372,,,,,type2
12583460911,-34.4367216,148.7235392,,,,,type2
12639666383,-36.2329697,149.1322401,Tesla Supercharger,Tesla,10,yes,type2_combo
12818129073,-36.149432,146.6104903,,Evie Networks,2,,chademo; chademo:output; type2_combo; type2_combo:output
12861805832,-35.3168159,149.1495592,Evie Charging Station,Evie Networks,4,yes,
12884898642,-34.8130868,147.2016407,,Exploren,,,type2
12884901002,-34.5544468,148.3694317,,Exploren,1,,type2
12884903427,-34.7932886,147.0386296,,Exploren,,,type2
12884912873,-35.1257311,147.4208566,,bp pulse,,,type2_combo
12885058063,-35.2198921,146.712906,,Exploren,,,type2
12885058064,-35.220556,146.7157786,,Exploren,,,type2
12885058151,-35.0550616,147.3481578,,Exploren,,,type2_combo
12885302055,-35.7762654,148.0113642,,Chargefox,2,,type2; type2:output
12885315538,-35.5811554,148.2992239,,Chargefox,2,,type2
12885318906,-35.3612063,145.71943,,BP Pulse,6,,type2_combo
12885318910,-35.7735198,148.0094239,,Chargefox,2,,type2_combo
12901334847,-37.3018407,146.1378135,,Exploren,,,type2
12918496794,-34.9134465,149.4277912,,Some Store,1,,
12995456090,-36.054515,146.4586506,,Evie Networks,2,,chademo; type2_combo
13016349586,-36.3140166,146.8384821,,Exploren,2,,type2_combo
13146732524,-34.9238501,148.165815,Tesla Supercharger,Tesla,12,yes,type2_combo
13168591366,-36.4437585,146.3826417,,,,,type2; type2_combo
13208299158,-37.1007144,145.6168073,,,,,
13235799355,-35.1369093,147.3470622,,Exploren,2,,type2
13246803659,-34.9851069,149.3841648,,Exploren,2,,type2_combo
13249625699,-37.0603975,146.0984236,Tesla Supercharger,Tesla,6,yes,type2_combo
13249673589,-37.0508889,146.086725,,Evie Networks,2,,chademo; type2_combo
13284029090,-36.377382,145.4019942,,NRMA,4,,chademo; type2_combo
13360787875,-34.743578,146.5543044,Tesla Supercharger,Tesla,4,yes,type2_combo
13442139297,-37.0701283,148.5911195,,Chargefox,1,,type2; type2:output
13525320796,-35.0010157,148.1106312,,NRMA,2,,type2_combo
13657147557,-37.1394067,146.4552009,,Chargefox,4,,type2_combo; type2_combo:output
13676576817,-35.3660072,149.0951713,,bp pulse,150kW,,type2_combo
13728878368,-35.174409,149.0965067,,Evie Networks,4,yes,
13762401039,-34.8455193,148.9130641,,NRMA,9,,type2; type2_combo
13898003740,-35.1886416,149.0822289,Tesla Supercharger,Tesla,4,,type2_combo; type2_combo:output
14028000688,-35.2418293,149.1268271,,Exploren,6,yes,type2:output
14089613013,-35.2388816,149.0717617,,Evie Networks,4,,chademo; type2_combo
14105992281,-36.4147399,148.6179842,,bp pulse,,yes,chademo; type2_combo
14113976572,-35.1864275,149.1356065,,AmpCharge,6,,type2_combo; type2_combo:output
14113976573,-35.1845817,149.1328278,,Exploren,6,,chademo; type2_combo; type2_combo:output
14113976574,-35.1840955,149.1304665,,Exploren,2,,type2_combo; type2_combo:output
14132970332,-35.3207304,149.1346341,,Evie Networks,4,,chademo; type2_combo
14175182691,-35.4132764,149.1278865,,bp pulse,2,,type2_combo
4016257448,-34.7554799,149.7209942,Tesla Supercharger,Tesla,8,yes,tesla_supercharger; tesla_supercharger:output; tesla_supercharger_ccs; tesla_supercharger_ccs:output
5758577851,-36.2231879,150.1284524,Tesla Supercharger,Tesla,4,yes,type2_combo; type2_combo:output
6165583448,-34.4500909,150.4424531,,NRMA,1,no,chademo; chademo:output; type2_combo; type2_combo:output
6165583449,-34.4501399,150.4519627,ChargePoint,ChargePoint,1,,
6489763087,-34.775569,150.7008205,,NRMA,,,
6512442081,-35.7084845,150.1752344,,NRMA,1,no,chademo; chademo:output; type2_combo; type2_combo:output
6525751310,-34.8082768,150.6367014,Tesla Supercharger,Tesla,6,yes,type2_combo; type2_combo:output
6711862737,-36.6731502,149.8431789,,NRMA,2,,chademo; type2_combo
6914659544,-34.436581,150.8633339,,Chargefox,,,
7021322234,-34.7479333,149.7496197,,Chargefox,3,yes,chademo; chademo:output; type2_combo; type2_combo:output
7370327570,-35.7099111,150.1774214,,Evie Networks,1,no,type2_combo; type2_combo:output
9121818285,-36.8951652,149.9120037,Tesla Destination Charger,"Tesla, Inc.",,,
9366873533,-34.5878761,150.8661667,,Chargefox,,,
9765677232,-34.607274,150.2250985,,Evie Networks,6,,type2_combo
9786977964,-34.4952775,150.7957656,,Evie Networks,,,
10026076729,-35.7096667,150.173894,,NRMA,2,,chademo; type2_combo
10263943171,-34.7190997,149.9958809,,BP Pulse,,,chademo; type2_combo
10263943172,-34.7184231,150.0006494,,BP Pulse,,,chademo; type2_combo
10744631135,-34.6092951,150.2298378,Tesla Supercharger,Tesla,6,yes,tesla_supercharger
10792695777,-34.7722611,149.6927672,,Chargefox,2,,type2_combo
10815562193,-34.437819,150.8634156,Wollongong Supercharger,Tesla,4,yes,type2_combo; type2_combo:output
11060799096,-35.2577259,149.4397081,,Exploren,,yes,
11140224982,-34.4880018,150.4138196,Tesla Destination Charger,Tesla,6,yes,
11221609471,-34.4857516,150.8064303,,AmpCharge,,,
11365114635,-34.4467455,150.43701,,Evie Networks,,,chademo; type2_combo
11927615171,-36.0862522,150.0494289,Tesla Destination Charger,Bodalla Cheese Factory,,,
12284563526,-36.6968576,149.8415044,,Chargefox,,yes,type2_combo
12564147445,-34.7728854,149.6927921,Tesla Supercharger,Tesla,20,yes,type2_combo
12564202178,-37.5580193,149.7582614,,Central Victorian Greenhouse Alliance,,,chademo; type2_combo
12599800358,-35.3576676,150.4733075,,,,,chademo; type2_combo
12599818149,-35.3679732,150.4707849,,Exploren,,,type2
12644131941,-35.4426269,149.7917234,,NRMA,2,yes,chademo; type2_combo
12644710826,-35.2577457,149.4397985,,Exploren,,yes,
12757268383,-34.4670358,150.413066,,Exploren,4,yes,type2
12854473381,-35.7186596,150.1900931,Tesla Supercharger,Tesla,6,,type2_combo
12963857532,-34.5624354,150.8395656,,AmpCharge,10,,type2_combo; type2_combo:output
13244748958,-36.6785407,149.8450775,,Exploren,4,,type2
13244827463,-35.913824,150.0792424,,NRMA,2,,type2_combo
13244874411,-37.0777375,149.8755206,,Exploren,,,type2
13309552143,-34.5519973,150.7881099,,AmpCharge,2,,type2_combo
13393835582,-34.5543827,150.36457,,NRMA,5,,chademo; type2; type2_combo
13566011211,-36.8856518,149.907078,Merimbula Supercharger,Tesla,8,yes,type2_combo
13954740522,-34.9160116,150.6048383,Tesla Supercharger,Tesla,12,,type2_combo
6926521128,-34.18882,142.162711,,NRMA,,,chademo; type2_combo
9344898113,-31.9596719,141.4595159,,NRMA,,,
9470340169,-31.5575066,143.3857829,,NRMA,,,
11749050171,-34.2098649,142.1405924,Tesla Supercharger,Tesla,4,yes,tesla_supercharger
6456722833,-32.2499278,148.6091712,Tesla Supercharger,Tesla,4,yes,type2_combo
6460796546,-33.9237229,147.2036752,,NRMA,4,,chademo; chademo:output; type2_combo; type2_combo:output
6460798626,-34.3117299,148.2950671,,NRMA,1,no,chademo; chademo:output; type2_combo; type2_combo:output
6460800322,-33.1375197,148.1726877,,NRMA,4,,chademo; chademo:output; type2_combo; type2_combo:output
6759463884,-32.2493739,148.609354,,NRMA,2,,type2_combo
7384135909,-31.2787465,149.2791803,,NRMA,2,,chademo; chademo:output; type2_combo; type2_combo:output
8190129317,-33.280911,149.0994869,Tesla Destination Charger,Tesla,,,
8192505717,-33.3333919,149.0432132,Tesla Destination Charger,"Tesla, Inc.",,,
8253300980,-33.8340931,148.6944413,,NRMA,,no,chademo; chademo:output; type1_combo; type1_combo:output
9619986125,-33.8354773,148.6817349,Tesla Destination Charger,Tesla,2,no,type2_cable; type2_cable:current; type2_cable:voltage
9712759905,-31.4988063,145.8376295,,NRMA,,,
10048386532,-31.5643351,147.1969608,,NRMA,,,
11749053754,-33.283593,149.0954226,Tesla Supercharger,Tesla,,,
11963693701,-34.2992293,146.0783037,,Chargefox,,,type2_combo
12024063277,-34.2921105,146.0518678,Tesla Supercharger,Tesla,6,,type2_combo
12195801696,-33.3841189,148.0099258,,Exploren,4,,type2; type2:output; type2_combo; type2_combo:output
12221169446,-33.1410109,148.174695,Parkes Supercharger,Tesla,4,yes,type2_combo
12986963882,-32.1956615,148.8979684,,Hair of the Dog Hotel,4,yes,
12986977106,-32.375799,149.277724,,Hall committee,1,yes,
13833992860,-33.2814536,149.1027586,,NRMA,2,yes,type2_combo; type2_combo:output
13928456263,-34.3538338,146.9019292,,Exploren,,,type2; type2:output; type2_combo; type2_combo:output
14039076690,-33.2806147,149.102941,,Exploren,4,yes,type2; type2:output
14039088101,-33.2553363,149.0961362,,Exploren,2,yes,type2; type2:output
3488644749,-32.9358797,151.6438477,ChargePoint,ChargePoint,,,type1
5047210796,-33.5212508,151.3749048,,Tesla Motors,,,
5047211383,-34.4075897,150.8812521,ChargePoint,ChargePoint,,no,type1
5438383393,-33.8829291,151.1946269,Tesla Supercharger,Tesla,8,yes,tesla_supercharger
5865178390,-33.8682863,151.2063604,,,,no,
6305536144,-33.9285142,151.186122,Tesla Destination Charger,Tesla,,,
6460587589,-31.4361396,152.8236754,Tesla Supercharger,Tesla,6,yes,type2_combo; type2_combo:output
6489744914,-33.4191414,149.5867462,,NRMA,1,,chademo; type2_combo
6489797683,-32.0990505,152.3814131,,NRMA,2,,chademo; type2_combo
6517096170,-33.3101932,151.420595,Tesla Supercharger,Tesla,,yes,tesla_supercharger
6595579456,-33.8460153,151.0698417,,NRMA,2,no,type2_combo; type2_combo:output
6656233420,-33.4780086,150.1610665,,NRMA,2,yes,chademo; type2_combo
6753244994,-33.796509,151.1833697,,JET Charge,2,,
6816990777,-32.7878111,151.7276848,Tesla Supercharger,Tesla,6,yes,tesla_supercharger; tesla_supercharger:output; tesla_supercharger_ccs; tesla_supercharger_ccs:output
6961675434,-32.9291638,151.7720103,,Chargefox,22,yes,
6965043248,-32.9302558,151.7607437,,Chargefox,50,yes,
6965043249,-32.9302851,151.7607424,,Chargefox,22,yes,
6965043250,-32.9303144,151.760741,,Chargefox,22,yes,
6965052432,-33.8763052,151.1778386,Tesla Supercharger,Tesla,4,no,type2_combo; type2_combo:output
6965112603,-32.9028042,151.6906686,ChargePoint,ChargePoint,7,yes,
6965116701,-32.9026832,151.6697747,,NRMA,50,yes,
6965116702,-32.9026703,151.6698001,,NRMA,50,yes,
6965143040,-33.9138057,151.2391178,,Chargefox,2,no,type2_combo
6967754081,-33.9053712,151.2129122,,Chargefox,,,
7042825731,-32.6539082,151.9625258,,Chargefox,3,yes,chademo; chademo:output; type2_combo; type2_combo:output
7237598406,-33.7708416,150.8452155,,Chargefox,,,
7270664150,-33.7781529,151.1207792,Tesla Supercharger,Tesla,10,yes,tesla_supercharger
7375482623,-32.7742468,151.2946203,,NRMA,,,
7401170459,-33.9306373,151.2464722,,,,,
7476003934,-32.1997712,152.5199677,,,,yes,
7612252206,-31.9433485,152.4706099,,Evie Networks,2,yes,chademo; chademo:output; type2_combo; type2_combo:output
7842335713,-33.4257824,149.5813787,,EO,2,,
7853821459,-31.4581377,152.8274176,,NRMA,4,no,type2_combo; type2_combo:output
7862093042,-33.8908025,151.2762714,,,,,
7959130026,-32.0503836,150.8665578,,NRMA,2,,
8148294052,-33.7693688,150.7352534,,,,,
8163934715,-32.593669,149.586206,,NRMA,,,
8169947525,-33.7671436,150.9548236,,Evie Networks,350,yes,chademo; type2_combo
8241597113,-33.8255622,151.2414269,,Evie Networks,2,,
8302152508,-33.4190492,149.5866349,Tesla Supercharger,Tesla,6,yes,tesla_supercharger
8390250930,-31.4637923,152.8221638,,NRMA,4,,chademo; chademo:output; type2_combo; type2_combo:output
8570161417,-32.9599116,151.6240709,,Chargefox,,,
8613733552,-32.935565,151.644388,Tesla Destination Charger,Tesla,,yes,
8613757404,-32.9033741,151.6676792,Tesla Destination Charger,Tesla,1,,
8613757405,-32.903365,151.6677058,Tesla Destination Charger,Tesla,1,,
8634205901,-32.8918933,151.7019405,,,2,,
8651235290,-32.9259292,151.7789537,,Chargefox,22,,
8651235291,-32.9259633,151.7789514,,Chargefox,22,,
8714190581,-33.1048978,151.6482486,,Porsche,,,
8911115310,-33.9069877,151.2130127,,Chargefox,,yes,
9204398603,-33.6761456,151.3031101,,Jolt,1,yes,chademo; type2_cable
9215252226,-33.8988886,150.9199428,,Evie Networks,,,chademo; type2_combo
9228911986,-33.8648195,151.2119085,,Bell Resources,,,
9255078725,-31.4071902,152.9007826,Tesla Destination Charger,Tesla,,,
9290610873,-33.8660864,151.0644363,,Jolt,1,,chademo; type2_combo
9290676154,-33.9435652,151.2396953,,Jolt,,,chademo; type2_combo
9290676155,-33.9071444,151.2241142,,Jolt,1,,
9290790988,-33.9080986,151.1716659,,,4,,
9309912420,-33.7054584,150.8754276,,Evie Networks,,,
9347175037,-33.8135004,151.1692687,,Evie Networks,,,
9354339800,-33.9532239,150.8040539,,,,,
9363608762,-33.9320564,151.0301289,,Evie Networks,,,chademo; chademo:output; type2_combo; type2_combo:output
9378951502,-33.871695,151.2681007,,Chargefox,2,yes,type2; type2:current; type2:voltage
9404724469,-33.8872485,151.099324,,Jolt,,,
9408923628,-33.7848221,150.8530426,,,4,no,
9408929771,-33.9522711,150.8557293,,,2,,
9467315676,-34.0338237,151.0734395,Tesla Supercharger,Tesla,6,yes,tesla_supercharger
9481080902,-33.7620853,151.2141725,,Jolt,1,,
9491233549,-33.7537328,151.2869932,,Jolt,1,yes,chademo; type2_cable
9514983917,-33.7698741,150.7291974,,Western Sydney University,2,no,chademo; type2_combo
9521361334,-33.6892385,151.2241781,,Hills Marketplace,2,no,type2_cable; type2_cable:current; type2_cable:output; type2_cable:voltage
9536966801,-33.7780797,151.1206646,,Evie Networks,4,,type2_combo
9546004749,-33.7789889,151.283873,,Jolt,1,yes,chademo; type2_cable
9603490031,-33.9621828,151.063567,,Jolt,1,,
9672846122,-33.8947565,151.1096799,,Jolt,1,,
9704706490,-33.6760959,151.3037838,,Jolt,1,yes,chademo; type2_cable
9712774534,-33.7702608,150.6737814,,Evie Networks,4,,
9737993455,-33.9079872,151.1710728,,Evie Networks,2,yes,
9738285222,-33.873882,151.1019416,,Jolt,1,,
9863000835,-33.8720579,151.0954277,,Jolt,1,,
9863034303,-33.9488297,150.90026,,Evie Networks,2,yes,chademo; type2_combo
9864969279,-33.7666354,151.2644147,Tesla Destination Charger,Warringah Mall,4,no,type2_cable
9898771270,-33.9021318,151.1999188,,AmpCharge,2,yes,
9900811626,-32.1790682,152.5136654,,,,,
9916436896,-33.8093255,151.2088608,,Evie Networks,2,yes,
9953777925,-33.9492389,151.081218,,Jolt,,,
9958152708,-33.8300902,151.0860347,,Chargefox,2,no,type2:output
9965036281,-33.787764,150.9946067,,AmpCharge,,,chademo; type2_combo
9996192046,-33.9701906,151.0801412,,Jolt,1,,
10007469304,-33.8256295,151.0790514,,,3,no,type2; type2:output
10007505419,-33.7296798,151.0065082,Tesla Destination Charger,Tesla,3,no,type2; type2:output
10035347983,-33.7036198,151.2128688,,Evie Networks,,,chademo; type2_combo
10050161556,-33.8359626,151.0848349,,,4,no,type2; type2:output
10091269880,-33.9678598,151.1060452,,Jolt,1,,
10091269881,-33.948437,151.0710625,,Jolt,1,,
10091269882,-33.807399,151.0858151,,Jolt,1,,
10095102213,-33.8130165,151.1694068,Tesla Destination Charger,Tesla,,,
10136616439,-33.7755511,151.1094379,,,6,,type2
10177425298,-33.8140858,151.1706842,,,4,,
10180321115,-33.8848452,151.1492145,,Evie Networks,4,,
10196181562,-33.9815934,151.0815506,,Jolt,1,,
10208698066,-33.8740665,151.1267452,,bp pulse,2,,type2_combo; type2_combo:output
10218282678,-33.9195544,151.0669461,,bp pulse,,yes,chademo; type2_combo
10232012344,-33.3628805,151.4443624,,BP Pulse,,,
10296267794,-34.0678179,150.7889593,,Chargefox,2,no,
10314029528,-34.0678179,150.7889111,,Chargefox,2,no,
10563108217,-34.0532156,150.8236391,,bp pulse,,,type2_combo
10564461448,-32.701433,152.0626879,Tesla Destination Charger,Tesla,2,,
10590006365,-33.8109506,150.8503059,,bp pulse,2,,type2_combo
10607603446,-33.7955368,151.2559187,,bp pulse,2,,
10628109252,-33.9388196,151.0177286,,bp pulse,,,
10647829948,-32.7833007,151.7371187,,BP Pulse,2,,chademo; type2_combo
10652018665,-33.713676,151.298355,,Jolt,1,,
10687053371,-33.6899794,151.1061283,,bp pulse,2,,type2_combo
10708226454,-33.8591188,151.2077898,,City of Sydney,2,,
10720208509,-33.8755065,151.1993723,,NRMA,,,
10750707216,-33.7620961,151.2725439,,Jolt,1,,
10750707217,-33.7194247,151.2986321,,Jolt,1,,
10774220953,-34.0714958,150.8073027,Tesla Supercharger,Tesla,12,,type2_combo; type2_combo:output
10780543260,-33.869384,151.1077617,,Jolt,,,
10783513810,-34.4033184,150.8914532,,bp pulse,,,type2_combo
10807470662,-33.8196728,151.0212095,,bp pulse,4,,type2_combo
10815896313,-33.7309136,150.9735895,Tesla Destination Charger,Tesla,1,,
10815896314,-34.4143916,150.8999909,Tesla Destination Charger,"Tesla, Inc.",4,yes,
10861761260,-33.7452182,150.6104117,Tesla Supercharger,Tesla,6,yes,type2_combo
10863588015,-33.9205413,151.1911399,,Jolt,2,,chademo; type2_combo
10872527226,-33.7955533,151.2559338,,bp pulse,2,,
10895054616,-33.8747893,151.2463108,,Chargefox,,,
10907235224,-33.9161106,151.1729055,,bp pulse,2,,type2_combo
10919805054,-33.9563337,151.2265681,,Jolt,1,,
10924895189,-33.7429956,150.6929513,,AmpCharge,2,yes,chademo; type2_combo
10937312713,-33.9610334,151.2309416,,Jolt,,,
10959087488,-33.9887792,150.8593146,,bp pulse,2,,
10971491088,-33.7505332,151.0650786,,Jolt,1,,
10984470645,-33.7671757,150.9518073,,bp pulse,2,yes,
10992560808,-33.7513075,151.2433755,,Evie Networks,4,yes,
11004256023,-33.8521007,150.9955859,,Evie Networks,2,yes,chademo; type2_combo
11016758544,-33.8885103,151.2375612,,Evie Networks,2,yes,
11048936553,-33.8504225,150.898387,,Engie,2,yes,type2_combo
11079299253,-33.9047467,151.0646034,,AmpCharge,2,yes,
11129535113,-33.4275068,151.3214629,,AmpCharge,,yes,chademo; type2_combo
11135601782,-33.6777006,151.2933539,,Pittwater RSL,,,
11137421689,-34.2818052,150.6399305,,AmpCharge,6,,chademo; chademo:output; type2_combo; type2_combo:output
11137421690,-34.2822929,150.6365233,,AmpCharge,6,,chademo; chademo:output; type2_combo; type2_combo:output
11167384460,-33.6832925,150.9165225,,Jolt,1,,
11189565177,-33.9077366,151.1038722,,,2,,
11258008348,-33.7355105,150.8513323,,Jolt,2,,
11335189892,-33.7655858,150.6218055,,AmpCharge,,,chademo; chademo:output; type2_combo; type2_combo:output
11335199123,-33.7210003,150.4519114,,AmpCharge,2,,chademo; chademo:output; type2_combo; type2_combo:output
11345075655,-34.029301,151.1220937,,Evie Networks,4,yes,
11365136257,-33.775792,150.9330041,,Evie Networks,,,type2_combo
11365173050,-33.7127533,150.9591384,,bp pulse,,,
11365214134,-33.7277947,150.9761633,,Evie Networks,,,chademo; type2_combo
11372241486,-33.7004394,150.9281721,,Jolt,2,,
11419885107,-34.0720222,150.8051711,,Evie Networks,,,chademo; type2_combo
11419886723,-33.9555586,150.8651092,,AmpCharge,,,chademo; type2_combo
11422466181,-33.792786,150.9995054,Woolworths Charging,Chargefox,,,type2; type2_combo
11425340896,-33.745528,150.7408388,,AmpCharge,2,,chademo; type2_combo
11427578131,-33.7435121,150.6922171,,bp pulse,2,,type2_combo
11433418128,-31.4573909,152.8271948,Tesla Supercharger,Tesla,12,,type2_combo
11440214108,-33.7161538,150.8447937,,AmpCharge,2,,chademo; type2_combo
11447868870,-33.814086,151.1724187,,Exploren,1,,
11463047965,-32.9635572,151.6616905,,Evie Networks,4,yes,
11494560491,-32.8119859,151.6394417,BP Pulse,bp pulse,,,
11679262104,-33.5970633,151.3200519,,Jolt,1,,
11689937303,-33.9579982,150.8865473,,Jolt,,,chademo; type2_combo
11695236309,-34.0418122,150.7354796,,Evie Networks,,,chademo; type2_combo
11738297527,-33.8850206,151.2533392,,Chargefox,1,,
11815611441,-33.884478,151.2358502,,Exploren,1,yes,
11842613041,-32.7638346,151.7421054,Tesla Supercharger,Tesla,12,,tesla_supercharger
11842761957,-34.0716189,150.8058677,,Chargefox,4,,chademo; type2
11842876526,-33.8546447,151.07722,Engie,Chargefox,2,,type2_combo
11845737187,-33.8884752,151.2514691,EVlink,EVlink,1,,
11853840472,-33.8845141,151.2373913,EVlink,EVlink,,,
11952634938,-31.9079866,152.4616525,Tesla Supercharger,Tesla,12,yes,type2_combo
11957109508,-33.9296043,150.9553129,,AmpCharge,2,,type2_combo
12015862929,-34.030909,150.8489837,,Evie Networks,,,chademo; type2_combo
12015928951,-33.4812016,150.1362442,,Evie Networks,,yes,chademo; chademo:output; type2_combo; type2_combo:output
12128715250,-33.7417882,151.2140115,,Exploren,1,,
12167440484,-33.6214768,151.1493662,,Chargefox,,,type2_combo
12167451932,-33.4249948,151.3201664,Tesla Supercharger,Tesla,12,,type2_combo
12167732651,-33.8146773,151.1713359,,Exploren,1,,
12202880553,-33.8246416,151.1958182,,EVlink,1,,
12395564018,-33.8817983,151.2282926,,Chargefox,2,yes,
12401912951,-33.907934,151.13603,,EVSE,4,no,type2; type2:output
12401912952,-33.9065093,151.1379558,,Plus ES,1,no,type2; type2:output
12401940007,-33.9029096,151.1418343,,Plus ES,1,no,type2; type2:output
12401940008,-33.9013585,151.13684,,EVSE,2,no,type2; type2:output
12401940009,-33.9016518,151.1393143,,Plus ES,1,no,type2; type2:output
12401940010,-33.9030165,151.1398407,,Plus ES,1,no,type2; type2:output
12401940011,-33.9013026,151.1396074,,Plus ES,1,no,type2; type2:output
12401940012,-33.9001786,151.1400057,,EVSE,2,no,type2; type2:output
12404567155,-33.7206984,150.4297379,,Evie Networks,2,,chademo; type2_combo
12407007682,-33.9024416,151.1409463,,Plus ES,1,no,type2; type2:output
12434721630,-33.9300967,150.8754969,,NRMA,,,
12481649796,-33.4141679,149.5834212,,Evie Networks,4,,chademo; type2_combo
12483992745,-33.5249059,151.3127099,,AGL,,,type2; type2:output
12560173013,-33.9327164,151.0284555,Bankstown Supercharger,Tesla,6,yes,type2_combo
12565112258,-33.7523425,151.286666,Jolt Dee Why B-Line,Jolt,1,yes,
12605963234,-34.0771836,151.0113524,,bp pulse,,,chademo; type2_combo
12624993541,-34.2284569,150.684135,,Chargefox,,,type2_combo
12661943299,-33.4812628,150.1587903,Eskbank St Car Park,NRMA,4,yes,chademo; type2_combo
12686156645,-34.0496546,150.7599688,,Shell Recharge Solutions,,,type2:output; type2_combo
12753915088,-31.634282,152.7251475,Kew Supercharger,Tesla,8,yes,type2_combo
12757295582,-34.0440001,150.7371231,,Exploren,2,yes,type2
12816207122,-33.6512481,151.28942,,Seavolt,,,
12896497308,-33.8237748,151.1951179,,Evie Networks,,,
12968478808,-33.7932339,151.2646229,Tesla Supercharger,Tesla,8,,type2_combo
12990581486,-33.8107876,151.0344403,,Exploren,2,yes,type2_combo; type2_combo:output
13012980190,-33.8273705,151.2303831,,Evie Networks,,yes,
13013484065,-33.4136362,149.5853966,,NRMA,4,yes,chademo; type2; type2_combo
13018467011,-34.0395363,150.7431652,,AmpCharge,4,,type2_combo
13020827820,-33.7586057,150.9921083,Tesla Supercharger,Tesla,4,yes,type2_combo
13033494574,-33.6746391,150.2805582,Tesla Destination Charger,Tesla,2,,
13036266779,-33.7743896,150.9449213,,AmpCharge,,,chademo; type2_combo
13036287127,-33.7602938,150.7816959,,bp pulse,2,,chademo; type2_combo
13036304448,-33.8016436,150.8878206,,AmpCharge,10,,chademo; type2_combo
13040881589,-33.8145389,151.1048204,,,,,
13055800837,-33.8745302,151.2421618,,Chargefox,2,yes,
13059026685,-33.8245802,151.1995459,,Evie Networks,4,,type2_combo
13064491791,-33.9230685,151.1665477,,Evie Networks,4,,type2_combo
13064502527,-33.9758428,150.8115865,,Evie Networks,4,,chademo; type2_combo
13064517071,-33.9620644,150.8063223,,Chargefox,6,,type2
13064521073,-33.7198068,150.8425731,,Chargefox,4,,type2
13064595558,-33.9352716,151.069286,,Chargefox,2,,type2_combo
13073547942,-33.8326437,151.1277159,,Evie Networks,2,yes,type2_combo
13073609605,-33.9054338,151.1935648,,Exploren,2,yes,type2_combo
13073638889,-33.9128695,151.1935906,Alexandria Supercharger,Tesla,6,yes,type2_combo
13073647400,-33.8209764,151.1213552,,Exploren,2,yes,type2_combo
13076752054,-34.04937,150.7592972,,Exploren,,,
13103099620,-33.8246315,151.1726815,,bp pulse,,,type2_combo
13103102258,-34.0328846,151.1248636,,bp pulse,4,,type2_combo
13125814415,-34.0842511,150.8018599,,AmpCharge,2,,type2_combo
13135189454,-34.020313,150.7623274,,Exploren,4,,type2_combo
13139855775,-33.7137227,151.2971285,,jolt,1,yes,
13139953507,-33.7310933,151.300962,,,,yes,
13149077271,-33.8311185,151.2436667,,,,yes,
13167181353,-33.89773,151.2136024,Waterloo Supercharger,Tesla,8,yes,type2_combo
13168678393,-33.8639878,151.0894241,,Evie Networks,6,,chademo; type2_combo
13168689959,-33.8544347,151.103953,,Evie Networks,2,,type2_combo
13185195201,-33.7967175,151.2010383,,Exploren,2,,type2_combo
13185195202,-33.8795126,150.9781193,,Evie Networks,4,,type2_combo
13205693685,-33.779921,150.8132069,,Evie Networks,5,,type2_combo
13206130158,-33.9380659,151.2384868,,Evie Networks,4,,type2_combo
13206142331,-33.9197629,151.2270172,,bp pulse,2,,type2_combo
13206154674,-33.8272941,151.2017201,,NRMA,8,,chademo; type2_combo
13206154678,-33.9430458,151.2395576,,Evie Networks,2,,type2_combo
13206176474,-33.9267328,151.2314051,,Evie Networks,4,,type2_combo
13235807509,-33.919065,151.0875521,,Exploren,4,,type2
13240078058,-33.8850665,151.2334091,,,,,
13246607070,-33.806327,151.1757441,,AGL,1,,
13246979353,-33.7059734,150.9107867,,AmpCharge,4,,type2_combo
13250969266,-33.7912905,151.1308938,,AmpCharge,6,,type2_combo; type2_combo:output
13258032985,-32.9210454,151.7480241,operator,Chargefox,60,yes,
13258032986,-32.9345211,151.7248332,,Chargefox,22,,
13258032987,-32.9411897,151.7122657,,Exploren,60,yes,
13258032988,-32.9027103,151.6697691,,NRMA,50,,
13258032989,-32.9017348,151.6704457,,Exploren,22,yes,
13258032990,-32.9000579,151.6695446,,Chargefox,22,yes,
13258079188,-32.9447015,151.7604209,,EVX,22,yes,
13258086646,-32.9230483,151.7573784,,Chargefox,22,yes,
13271496162,-33.7934216,151.1818207,,,2,,
13286968361,-33.116686,151.4713937,,AmpCharge,2,,type2_combo
13288933122,-32.9260559,151.7789369,,Chargefox,22,,
13288933123,-32.9260122,151.7789477,,Chargefox,22,,
13300559304,-33.4826083,150.1555209,,Chargefox,4,,type2_combo
13304382752,-33.7944228,151.1801686,,Chargefox,2,,type2; type2:output
13309446883,-33.8340627,150.9879587,,AmpCharge,6,,type2_combo
13323403968,-33.8758626,151.2320823,,,,,
13329798300,-33.8858816,151.2572358,,,,,
13341675501,-32.5896509,149.5859081,,NRMA,,,chademo; chademo:output; type2_combo; type2_combo:output
13346922346,-33.7602342,150.7817102,,bp pulse,2,,chademo; type2_combo
13360556776,-34.0523188,151.1215819,,AmpCharge,4,,type2_combo
13371885230,-33.802347,150.8815263,,AmpCharge,10,,type2_combo
13382573701,-33.889566,151.1233758,,Evie Networks,,,chademo; chademo:output; type2_combo; type2_combo:output
13389664015,-32.8963971,151.5977495,,AmpCharge,6,,type2_combo
13428255938,-33.822956,151.210883,,Evie Networks,4,,
13441696001,-33.5300878,151.3101679,,NRMA,,,
13441696002,-33.529774,151.3107754,,Chargefox,22kW,,
13441699802,-33.8749576,151.1018198,,EVX,,,type2; type2:output
13477822501,-33.8895095,151.1469211,,EVX,,,type2; type2:output
13481161848,-33.8136239,150.9984588,,,,yes,
13481161849,-33.8137342,150.9984239,,,,yes,
13530611083,-33.7875506,150.8545674,,,4,no,
13586251301,-33.8686703,151.1186059,,Evie Networks,,,type2_combo; type2_combo:output
13613220880,-33.801551,150.888025,,AmpCharge,,,
13613244882,-33.8022938,150.8810765,,AmpCharge,,,
13639603763,-33.7197252,150.8448654,,bp pulse,6,,chademo; type2_combo
13639648647,-33.8941528,150.8579802,,bp pulse,2,,type2_combo
13650008970,-31.6345112,152.7234641,,cityEV,,,
13668077101,-33.8842603,151.0813761,,EVX,,,type2; type2:output
13670381853,-33.4193774,149.6223896,,bp pulse,6,,type2_combo
13688532602,-33.9243219,151.2114879,Eastlakes Supercharger,Tesla,,yes,
13688536001,-33.7534558,151.2870635,Dee Why Supercharger,Tesla,,yes,
13694302014,-32.7735481,151.3104542,Tesla Supercharger,Tesla,8,,type2_combo
13722408351,-34.0271233,151.1190449,Tesla Supercharger,Tesla,,,
13736523001,-33.90948,151.177866,,AGL,,yes,type2; type2:output
13774442635,-33.7580667,150.691782,,Exploren,2,,type2_combo; type2_combo:output
13774450454,-33.8928944,151.0389225,,bp pulse,8,,chademo; type2_combo
13804420298,-33.8160921,150.9690811,,Evie Networks,4,,type2_combo
13805070070,-33.6957204,151.0315164,,Chargefox,2,,type2
13805076026,-33.6830063,151.028519,,AmpCharge,2,,chademo; type2_combo
13805098738,-33.7135886,150.9723746,,AmpCharge,8,,type2_combo
13810069801,-33.8795334,151.1564993,,EVX,,,type2; type2:output
13854720801,-33.8808278,151.1316481,,Chargefox,,,type2; type2:output; type2_combo; type2_combo:output
13908854341,-32.7923254,151.7262121,Tesla Supercharger,Tesla,12,,type2_combo; type2_combo:output
13928606247,-32.707954,151.5070686,,AmpCharge,2,,chademo; type2_combo
13928607012,-32.7148801,151.52707,,bp pulse,,,
13948835373,-32.7617366,151.5925831,,AmpCharge,8,,type2_combo
13949256586,-32.7177368,151.5283261,,,2,,
13953152378,-33.3728173,151.4729809,,AmpCharge,10,,chademo; type2_combo
13953454186,-33.8273589,151.2304086,,Evie Networks,,yes,
13966472049,-33.7009719,150.805339,,Chargefox,2,,type2_combo; type2_combo:output
13971868676,-33.4184874,149.5829572,,Tesla,2,yes,
13972238798,-33.8435555,151.2138005,,,2,,
13972238799,-33.8435153,151.2137574,,,2,,
14011529760,-33.9083535,151.0578497,,Exploren,2,,type2_combo; type2_combo:output
9278715200,-30.9527945,148.3878551,,NRMA,,,
9278741544,-30.0207154,148.1177704,,NRMA,1,,chademo; type2_combo
9771012966,-30.0884156,145.9348827,,NRMA,2,,
9771012967,-29.9607798,146.8577827,,NRMA,2,,
5004854821,-30.2814283,153.1315933,Tesla Supercharger,Tesla,6,yes,type2_combo; type2_combo:output
5270964444,-28.643176,153.615842,,Chargefox,2,,
6456723747,-31.1016073,150.9171653,Tesla Supercharger,Tesla,4,yes,type2_combo; type2_combo:output
6460580922,-28.7495635,153.5347035,Tesla Supercharger,Tesla,6,yes,type2_combo; type2_combo:output
6656200736,-29.7384627,151.7362504,,NRMA,,,
6656345063,-29.6881629,152.9335121,,NRMA,1,yes,chademo; chademo:output; type2_combo; type2_combo:output
6695968988,-28.636313,153.553519,,NRMA,2,no,chademo; chademo:output; type2_combo; type2_combo:output
6773250148,-28.1640661,153.5149307,,Yurika,,,
6824446152,-28.2172097,152.030729,,Southern Downs Regional Council,3,yes,type2; type2:output; type2_combo
6839163294,-30.9786335,150.2519137,,NRMA,,,
6907644721,-28.857635,153.5617941,,Chargefox,,,
6961067090,-28.870871,153.563108,Tesla Destination Charger,Tesla,,no,
7140188595,-29.427045,153.2391675,Tesla Supercharger,Tesla,4,yes,tesla_supercharger
8133502030,-30.5119326,151.6696956,,NRMA,1,,
8209129030,-29.0573208,152.0189416,,NRMA,,,
8505686311,-30.7101732,152.919807,,Evie Networks,4,,chademo; chademo:output; type2_combo; type2_combo:output
8692040374,-30.555484,151.6821565,,Peterson's Armidale,1,no,
8709283408,-30.5062581,151.6728399,Tesla Destination Charger,Powerhouse Hotel,2,,type2; type2:output
8994778322,-29.5612453,153.1492504,,Evie Networks,2,,type2_combo
10011175454,-28.8659126,153.0483802,,NRMA,,,
10258355351,-29.0560795,152.017583,Tesla Supercharger,Tesla,4,yes,type2_combo; type2_combo:output
10687073170,-28.8616621,153.5169159,,bp pulse,2,,type2_combo; type2_combo:output
10861584624,-30.3177072,153.0898333,Chargefox Coffs Harbour,Chargefox,,,chademo; type2_combo
11092548399,-28.4137758,151.0840316,,Ezy Charger,,,
11425324344,-28.1737957,153.5443699,Tesla Supercharger,Tesla,,,
11495572569,-30.6267085,152.9724342,bp pulse,bp pulse,2,,chademo; chademo:output; type2_combo; type2_combo:output
12259891801,-30.3239348,149.7810597,Tesla Supercharger,Tesla,4,yes,type2_combo
12437997269,-30.2044092,153.1497971,Tesla Supercharger,Tesla,15,yes,type2_combo
12583296437,-30.3250256,149.7838449,,NRMA,4,,chademo; chademo:output; type2_combo; type2_combo:output
12583396543,-28.5482924,150.3060395,,Yurika,2,,chademo; type2; type2_combo
12583399955,-29.4619233,149.8408156,,NRMA,4,,chademo; chademo:output; type2_combo; type2_combo:output
12583416028,-28.657088,151.9323991,,Yurika,4,yes,chademo; type2; type2_combo
12583454471,-28.3883862,152.6067541,,,,,type2
12588884145,-31.2607546,150.739507,,Ocular,,yes,
12832829981,-28.197045,152.7806421,,Noodoe,1,yes,
12856495137,-30.5134175,151.6636968,Tesla Supercharger,Tesla,4,,type2_combo
12926990585,-28.198984,153.5459456,,Evie Networks,4,yes,chademo; type2_combo
12967672792,-29.1535419,153.2969846,Tesla Supercharger,Tesla,12,yes,type2_combo
13159632757,-28.806586,153.278719,,Chargefox,2,yes,
13197398595,-28.6977809,153.5090379,,Ocular,2,no,type2_cable
13242756701,-28.6738417,153.6119666,Ingenia Byron Bay,,2,,
13410165907,-28.6214782,153.0030335,,Kyogle Council,2,yes,type2; type2:output
13830632498,-29.4500482,153.2004198,,,25,yes,
13928544015,-31.078217,152.8432253,,Chargefox,4,,type2_combo; type2_combo:output
13928568813,-30.3387457,152.7136732,,NRMA,,,
13928568814,-30.3382377,152.7128113,,NRMA,2,,chademo; chademo:output; type2_combo; type2_combo:output
13951280503,-28.649801,153.6136707,Tesla Supercharger,Tesla,8,,type2_combo
13977276314,-28.6297393,153.5802747,,,,yes,
